stock,effort,harvest,ds/dt,benefit,value
0,0,0,0,0,0
1000000,8415.882288,43282.61316,340345.7991,-1170766.934,729570448.1
2000000,14533.54284,116525.0643,648588.5848,-1909014.38,778774077.2
3000000,20006.29302,207976.929,936478.7813,-2499425.124,806589561.5
4000000,25098.24403,313707.7365,1207946.86,-2993020.448,826918691.6
5000000,29924.56251,431507.5462,1465202.76,-3413387.689,843359994.6
6000000,34549.23758,559913.6294,1709709.212,-3774266.55,857393034.2
7000000,39012.69276,697868.0677,1942524.133,-4084698.21,869775121.7
8000000,43342.62199,844561.1642,2164457.22,-4351106.02,880948037.7
9000000,47559.09681,999348.2336,2376153.159,-4578301.581,891193085.5
10000000,51677.28067,1161700.759,2578140.467,-4770031.893,900701025.7
11000000,55709.00052,1331175.595,2770862.288,-4929302.974,909607515.6
12000000,59663.71762,1507394.468,2954696.897,-5058583.731,918012681.3
13000000,63549.15829,1690029.74,3129971.931,-5159940.92,925992666.4
14000000,67371.74096,1878794.174,3296974.628,-5235132.096,933606816.8
15000000,71136.87497,2073433.367,3455959.391,-5285671.781,940902347.4
16000000,74849.17584,2273720.017,3607153.52,-5312879.857,947917482.3
17000000,78512.62399,2479449.501,3750761.641,-5317917.818,954683635.3
18000000,82130.68423,2690436.382,3886969.189,-5301816.455,961226961.5
19000000,85706.39748,2906511.637,4015945.188,-5265497.395,967569488.3
20000000,89242.45214,3127520.4,4137844.503,-5209790.097,973729955
21000000,92741.24046,3353320.121,4252809.684,-5135445.465,979724447.8
22000000,96204.90375,3583779.039,4360972.493,-5043146.869,985566887.3
23000000,99635.36882,3818774.906,4462455.178,-4933519.183,991269407.8
24000000,103034.3779,4058193.914,4557371.546,-4807136.246,996842656.4
25000000,106403.5131,4301929.779,4645827.881,-4664527.103,1002296032
26000000,109744.2173,4549882.961,4727923.724,-4506181.246,1007637875
27000000,113057.8107,4801959.99,4803752.545,-4332553.064,1012875627
28000000,116345.506,5058072.883,4873402.326,-4144065.634,1018015957
29000000,119608.4202,5318138.635,4936956.072,-3941113.982,1023064866
30000000,122847.5856,5582078.777,4994492.254,-3724067.897,1028027776
31000000,126063.9583,5849818.979,5046085.2,-3493274.378,1032909605
32000000,129258.4266,6121288.708,5091805.443,-3249059.766,1037714830
33000000,132431.8176,6396420.919,5131720.028,-2991731.616,1042447534
34000000,135584.903,6675151.784,5165892.785,-2721580.347,1047111460
35000000,138718.4045,6957420.44,5194384.573,-2438880.696,1051710042
36000000,141832.9982,7243168.78,5217253.504,-2143893.019,1056246442
37000000,144929.3189,7532341.244,5234555.135,-1836864.437,1060723581
38000000,148007.9636,7824884.65,5246342.648,-1518029.873,1065144156
39000000,151069.4944,8120748.026,5252667.016,-1187612.972,1069510673
40000000,154114.4418,8419882.466,5253577.144,-845826.9346,1073825457
41000000,157143.307,8722240.998,5249120.005,-492875.2703,1078090673
42000000,160156.5641,9027778.457,5239340.764,-128952.472,1082308340
43000000,163154.6625,9336451.378,5224282.883,245755.3657,1086480346
44000000,166138.0283,9648217.895,5203988.233,631069.9871,1090608456
45000000,169107.0664,9963037.641,5178497.178,1026820.465,1094694325
46000000,172062.1619,10280871.67,5147848.666,1432842.735,1098739508
47000000,175003.6811,10601682.36,5112080.309,1848979.17,1102745466
48000000,177931.9735,10925433.38,5071228.456,2275078.184,1106713575
49000000,180847.3722,11252089.57,5025328.26,2710993.881,1110645133
50000000,183750.1955,11581616.9,4974413.741,3156585.717,1114541362
51000000,186640.7475,11913982.43,4918517.846,3611718.197,1118403422
52000000,189519.3193,12249154.24,4857672.501,4076260.593,1122232407
53000000,192386.1895,12587101.36,4791908.666,4550086.686,1126029354
54000000,195241.6251,12927793.76,4721256.376,5033074.518,1129795248
55000000,198085.8823,13271202.28,4645744.79,5525106.174,1133531022
56000000,200919.207,13617298.6,4565402.232,6026067.567,1137237563
57000000,203741.8352,13966055.2,4480256.224,6535848.251,1140915716
58000000,206553.9939,14317445.3,4390333.532,7054341.233,1144566283
59000000,209355.9017,14671442.88,4295660.189,7581442.81,1148190030
60000000,212147.7685,15028022.59,4196261.534,8117052.407,1151787687
61000000,214929.7969,15387159.76,4092162.242,8661072.432,1155359949
62000000,217702.1821,15748830.37,3983386.346,9213408.134,1158907481
63000000,220465.1121,16113010.97,3869957.272,9773967.479,1162430918
64000000,223218.7686,16479678.74,3751897.857,10342661.02,1165930867
65000000,225963.3268,16848811.41,3629230.375,10919401.8,1169407906
66000000,228698.9562,17220387.23,3501976.562,11504105.22,1172862592
67000000,231425.8204,17594384.98,3370157.633,12096688.94,1176295454
68000000,234144.0777,17970783.97,3233794.305,12697072.83,1179707001
69000000,236853.8812,18349563.94,3092906.814,13305178.81,1183097718
70000000,239555.3793,18730705.12,2947514.933,13920930.8,1186468069
71000000,242248.7155,19114188.19,2797637.992,14544254.65,1189818498
72000000,244934.0288,19499994.25,2643294.889,15175078.06,1193149427
73000000,247611.4542,19888104.8,2484504.111,15813330.47,1196461259
74000000,250281.1224,20278501.77,2321283.744,16458943.06,1199754374
75000000,252943.1602,20671167.45,2153651.49,17111848.61,1203029130
76000000,255597.6908,21066084.51,1981624.679,17771981.49,1206285864
77000000,258244.8337,21463235.99,1805220.281,18439277.61,1209524881
78000000,260884.705,21862605.25,1624454.918,19113674.31,1212746455
79000000,263517.4175,22264176.01,1439344.878,19795110.35,1215950817
80000000,266143.081,22667932.32,1249906.124,20483525.86,1219138137
81000000,268761.802,23073858.51,1056154.303,21178862.27,1222308490
82000000,271373.6843,23481939.25,858104.7594,21881062.28,1225461793
83000000,273978.8288,23892159.49,655772.5414,22590069.82,1228597646
84000000,276577.3338,24304504.47,449172.4124,23305830,1231714929
85000000,279169.2949,24718959.69,238318.8588,24028289.05,1234810348
86000000,281754.8053,25135510.95,23226.09831,24757394.35,1237869717
87000000,284333.9559,25554144.28,-196091.9116,25493094.31,1241621529
88000000,286906.835,25974845.98,-419621.4661,26235338.39,1244964799
89000000,289473.529,26397602.59,-647349.106,26984077.05,1248185289
90000000,292034.1219,26822400.89,-879261.61,27739261.74,1251341978
91000000,294588.6959,27249227.88,-1115345.988,28500844.81,1254456712
92000000,297137.3309,27678070.81,-1355589.476,29268779.56,1257539979
93000000,299680.1052,28108917.13,-1599979.526,30043020.16,1260597656
94000000,302217.0949,28541754.5,-1848503.806,30823521.63,1263633392
95000000,304748.3747,28976570.8,-2101150.187,31610239.83,1266649631
96000000,307274.0172,29413354.1,-2357906.743,32403131.43,1269648112
97000000,309794.0935,29852092.66,-2618761.744,33202153.88,1272630129
98000000,312308.6732,30292774.96,-2883703.649,34007265.39,1275596683
99000000,314817.824,30735389.63,-3152721.104,34818424.92,1278548575
100000000,317321.6124,31179925.5,-3425802.934,35635592.14,1281486461
101000000,319820.1033,31626371.57,-3702938.142,36458727.43,1284410895
102000000,322313.3602,32074717.01,-3984115.901,37287791.83,1287322350
103000000,324801.4452,32524951.18,-4269325.55,38122747.07,1290221239
104000000,327284.419,32977063.56,-4558556.594,38963555.49,1293107927
105000000,329762.3413,33431043.82,-4851798.694,39810180.09,1295982742
106000000,332235.2702,33886881.78,-5149041.668,40662584.46,1298845979
107000000,334703.2628,34344567.41,-5450275.485,41520732.8,1301697911
108000000,337166.3748,34804090.82,-5755490.261,42384589.86,1304538787
109000000,339624.6611,35265442.27,-6064676.255,43254120.98,1307368838
110000000,342078.1752,35728612.17,-6377823.869,44129292.05,1310188282
111000000,344526.9697,36193591.05,-6694923.641,45010069.48,1312997321
112000000,346971.096,36660369.59,-7015966.244,45896420.2,1315796148
113000000,349410.6045,37128938.58,-7340942.481,46788311.68,1318584943
114000000,351845.5448,37599288.97,-7669843.285,47685711.85,1321363881
115000000,354275.9654,38071411.8,-8002659.711,48588589.15,1324133124
116000000,356701.9139,38545298.26,-8339382.939,49496912.48,1326892830
117000000,359123.4368,39020939.64,-8680004.269,50410651.21,1329643151
118000000,361540.5801,39498327.37,-9024515.116,51329775.14,1332384230
119000000,363953.3887,39977452.97,-9372907.011,52254254.55,1335116208
120000000,366361.9067,40458308.09,-9725171.598,53184060.12,1337839217
121000000,368766.1773,40940884.47,-10081300.63,54119162.95,1340553389
122000000,371166.243,41425173.98,-10441285.96,55059534.57,1343258848
123000000,373562.1457,41911168.58,-10805119.56,56005146.89,1345955714
124000000,375953.9262,42398860.35,-11172793.49,56955972.22,1348644107
125000000,378341.6249,42888241.44,-11544299.93,57911983.27,1351324140
126000000,380725.2812,43379304.12,-11919631.14,58873153.1,1353995923
127000000,383104.934,43872040.76,-12298779.48,59839455.15,1356659564
128000000,385480.6215,44366443.82,-12681737.41,60810863.22,1359315168
129000000,387852.3812,44862505.84,-13068497.48,61787351.45,1361962837
130000000,390220.2499,45360219.47,-13459052.34,62768894.34,1364602669
131000000,392584.2639,45859577.44,-13853394.71,63755466.72,1367234761
132000000,394944.4589,46360572.57,-14251517.42,64747043.73,1369859208
133000000,397300.8698,46863197.76,-14653413.36,65743600.87,1372476101
134000000,399653.5311,47367445.99,-15059075.52,66745113.92,1375085530
135000000,402002.4767,47873310.35,-15468496.98,67751559,1377687583
136000000,404347.7399,48380783.97,-15881670.88,68762912.51,1380282346
137000000,406689.3535,48889860.09,-16298590.45,69779151.16,1382869901
138000000,409027.3498,49400532.02,-16719249.01,70800251.93,1385450331
139000000,411361.7605,49912793.14,-17143639.94,71826192.12,1388023716
140000000,413692.6168,50426636.91,-17571756.69,72856949.28,1390590134
141000000,416019.9496,50942056.86,-18003592.8,73892501.25,1393149662
142000000,418343.7889,51459046.6,-18439141.87,74932826.13,1395702375
143000000,420664.1647,51977599.81,-18878397.58,75977902.28,1398248346
144000000,422981.1062,52497710.22,-19321353.67,77027708.33,1400787647
145000000,425294.6424,53019371.65,-19768003.96,78082223.17,1403320350
146000000,427604.8017,53542577.98,-20218342.33,79141425.9,1405846522
147000000,429911.612,54067323.17,-20672362.72,80205295.92,1408366232
148000000,432215.101,54593601.21,-21130059.15,81273812.82,1410879547
149000000,434515.2959,55121406.19,-21591425.69,82346956.45,1413386531
150000000,436812.2234,55650732.25,-22056456.48,83424706.89,1415887249
151000000,439105.9099,56181573.57,-22525145.72,84507044.44,1418381764
152000000,441396.3814,56713924.43,-22997487.66,85593949.62,1420870136
153000000,443683.6635,57247779.14,-23473476.63,86685403.17,1423352427
154000000,445967.7814,57783132.08,-23953107.01,87781386.06,1425828696
155000000,448248.7601,58319977.68,-24436373.22,88881879.45,1428299002
156000000,450526.624,58858310.44,-24923269.77,89986864.71,1430763401
157000000,452801.3974,59398124.9,-25413791.19,91096323.42,1433221950
158000000,455073.104,59939415.66,-25907932.09,92210237.37,1435674705
159000000,457341.7674,60482177.38,-26405687.13,93328588.51,1438121719
160000000,459607.4108,61026404.77,-26907051.01,94451359.02,1440563046
161000000,461870.057,61572092.59,-27412018.49,95578531.26,1442998740
162000000,464129.7286,62119235.64,-27920584.39,96710087.76,1445428850
163000000,466386.4477,62667828.8,-28432743.56,97846011.25,1447853430
164000000,468640.2364,63217866.97,-28948490.92,98986284.63,1450272527
165000000,470891.1163,63769345.11,-29467821.43,100130891,1452686192
166000000,473139.1087,64322258.23,-29990730.1,101279813.6,1455094472
167000000,475384.2347,64876601.39,-30517211.97,102433035.8,1457497416
168000000,477626.515,65432369.69,-31047262.17,103590541.4,1459895070
169000000,479865.9703,65989558.27,-31580875.82,104752313.9,1462287480
170000000,482102.6206,66548162.34,-32118048.13,105918337.4,1464674692
171000000,484336.4861,67108177.12,-32658774.34,107088595.9,1467056750
172000000,486567.5864,67669597.91,-33203049.72,108263073.6,1469433699
173000000,488795.9411,68232420.02,-33750869.6,109441755.1,1471805581
174000000,491021.5692,68796638.82,-34302229.35,110624624.7,1474172439
175000000,493244.4899,69362249.72,-34857124.37,111811667.3,1476534315
176000000,495464.7218,69929248.17,-35415550.12,113002867.6,1478891251
177000000,497682.2835,70497629.67,-35977502.09,114198210.7,1481243287
178000000,499897.1931,71067389.74,-36542975.81,115397681.7,1483590464
179000000,502109.4688,71638523.95,-37111966.85,116601265.9,1485932821
180000000,504319.1284,72211027.92,-37684470.82,117808948.7,1488270396
181000000,506526.1895,72784897.29,-38260483.36,119020715.7,1490603229
182000000,508730.6695,73360127.74,-38840000.17,120236552.5,1492931357
183000000,510932.5855,73936715.01,-39423016.96,121456445,1495254817
184000000,513131.9545,74514654.85,-40009529.5,122680379.1,1497573647
185000000,515328.7933,75093943.05,-40599533.58,123908340.9,1499887882
186000000,517523.1184,75674575.45,-41193025.04,125140316.6,1502197558
187000000,519714.9462,76256547.92,-41789999.73,126376292.6,1504502711
188000000,521904.293,76839856.36,-42390453.57,127616255.3,1506803375
189000000,524091.1746,77424496.69,-42994382.49,128860191.4,1509099585
190000000,526275.6068,78010464.91,-43601782.45,130108087.4,1511391374
191000000,528457.6053,78597756.99,-44212649.47,131359930.3,1513678776
192000000,530637.1856,79186368.99,-44826979.58,132615706.9,1515961824
193000000,532814.3628,79776296.98,-45444768.84,133875404.3,1518240550
194000000,534989.152,80367537.04,-46066013.36,135139009.7,1520514986
195000000,537161.5683,80960085.32,-46690709.28,136406510.4,1522785164
196000000,539331.6261,81553937.98,-47318852.74,137677893.7,1525051114
197000000,541499.3403,82149091.21,-47950439.95,138953147.2,1527312869
198000000,543664.7251,82745541.23,-48585467.14,140232258.4,1529570458
199000000,545827.7949,83343284.31,-49223930.55,141515215,1531823911
200000000,547988.5637,83942316.73,-49865826.48,142802004.9,1534073257
201000000,550147.0454,84542634.79,-50511151.23,144092616,1536318527
202000000,552303.2538,85144234.85,-51159901.15,145387036.3,1538559748
203000000,554457.2026,85747113.27,-51812072.6,146685253.8,1540796950
204000000,556608.9052,86351266.45,-52467662,147987256.9,1543030160
205000000,558758.3751,86956690.83,-53126665.76,149293033.8,1545259406
206000000,560905.6252,87563382.84,-53789080.33,150602573,1547484717
207000000,563050.6688,88171338.98,-54454902.21,151915862.9,1549706117
208000000,565193.5188,88780555.75,-55124127.9,153232892.2,1551923636
209000000,567334.1878,89391029.69,-55796753.92,154553649.4,1554137298
210000000,569472.6886,90002757.35,-56472776.85,155878123.5,1556347131
211000000,571609.0336,90615735.33,-57152193.27,157206303.3,1558553159
212000000,573743.2352,91229960.24,-57834999.79,158538177.6,1560755409
213000000,575875.3057,91845428.7,-58521193.05,159873735.7,1562953905
214000000,578005.2572,92462137.39,-59210769.7,161212966.6,1565148673
215000000,580133.1017,93080082.99,-59903726.45,162555859.5,1567339737
216000000,582258.851,93699262.21,-60600059.98,163902403.8,1569527121
217000000,584382.517,94319671.78,-61299767.05,165252588.7,1571710849
218000000,586504.1111,94941308.47,-62002844.4,166606403.9,1573890946
219000000,588623.645,95564169.05,-62709288.83,167963838.8,1576067434
220000000,590741.13,96188250.33,-63419097.13,169324883,1578240337
221000000,592856.5775,96813549.14,-64132266.13,170689526.3,1580409677
222000000,594969.9985,97440062.32,-64848792.68,172057758.5,1582575478
223000000,597081.4041,98067786.75,-65568673.66,173429569.4,1584737762
224000000,599190.8054,98696719.32,-66291905.95,174804948.9,1586896550
225000000,601298.213,99326856.95,-67018486.48,176183887.2,1589051865
226000000,603403.6378,99958196.58,-67748412.18,177566374.2,1591203729
227000000,605507.0904,100590735.2,-68481680.01,178952400.1,1593352162
228000000,607608.5813,101224469.7,-69218286.95,180341955.2,1595497186
229000000,609708.1209,101859397.1,-69958230.01,181735029.8,1597638823
230000000,611805.7196,102495514.6,-70701506.2,183131614.2,1599777092
231000000,613901.3875,103132819,-71448112.56,184531698.9,1601912014
232000000,615995.1348,103771307.4,-72198046.16,185935274.5,1604043609
233000000,618086.9716,104410977.1,-72951304.08,187342331.4,1606171898
234000000,620176.9077,105051824.9,-73707883.43,188752860.4,1608296901
235000000,622264.953,105693848.2,-74467781.31,190166852.2,1610418636
236000000,624351.1172,106337043.9,-75230994.88,191584297.6,1612537123
237000000,626435.41,106981409.3,-75997521.29,193005187.4,1614652382
238000000,628517.8409,107626941.6,-76767357.72,194429512.6,1616764432
239000000,630598.4195,108273637.9,-77540501.37,195857264,1618873291
240000000,632677.1551,108921495.4,-78316949.45,197288432.9,1620978978
241000000,634754.0571,109570511.4,-79096699.19,198723010.2,1623081511
242000000,636829.1345,110220683.2,-79879747.86,200160987.1,1625180908
243000000,638902.3966,110872008,-80666092.71,201602355,1627277189
244000000,640973.8525,111524483.1,-81455731.03,203047105,1629370369
245000000,643043.511,112178105.8,-82248660.14,204495228.5,1631460468
246000000,645111.3811,112832873.4,-83044877.35,205946717,1633547502
247000000,647177.4716,113488783.3,-83844380,207401561.9,1635631490
248000000,649241.7912,114145832.9,-84647165.44,208859754.6,1637712447
249000000,651304.3485,114804019.4,-85453231.05,210321286.9,1639790391
250000000,653365.1521,115463340.2,-86262574.23,211786150.4,1641865339
251000000,655424.2106,116123792.9,-87075192.37,213254336.7,1643937307
252000000,657481.5323,116785374.8,-87891082.89,214725837.5,1646006312
253000000,659537.1256,117448083.4,-88710243.24,216200644.8,1648072370
254000000,661590.9988,118111916,-89532670.87,217678750.4,1650135497
255000000,663643.1601,118776870.2,-90358363.25,219160146.1,1652195710
256000000,665693.6175,119442943.5,-91187317.86,220644823.9,1654253024
257000000,667742.3792,120110133.3,-92019532.21,222132775.9,1656307454
258000000,669789.4532,120778437.2,-92855003.8,223623994.2,1658359016
259000000,671834.8473,121447852.7,-93693730.19,225118470.8,1660407726
260000000,673878.5695,122118377.4,-94535708.9,226616197.9,1662453599
261000000,675920.6275,122790008.8,-95380937.5,228117167.8,1664496650
262000000,677961.0291,123462744.5,-96229413.57,229621372.7,1666536894
263000000,679999.7818,124136582,-97081134.69,231128804.9,1668574345
264000000,682036.8934,124811519.1,-97936098.48,232639456.8,1670609018
265000000,684072.3713,125487553.2,-98794302.54,234153320.9,1672640928
266000000,686106.223,126164682.1,-99655744.52,235670389.6,1674670089
267000000,688138.4559,126842903.4,-100520422.1,237190655.4,1676696516
268000000,690169.0773,127522214.7,-101388332.8,238714110.9,1678720222
269000000,692198.0946,128202613.8,-102259474.5,240240748.7,1680741221
270000000,694225.515,128884098.2,-103133844.7,241770561.4,1682759528
271000000,696251.3455,129566665.8,-104011441.3,243303541.7,1684775156
272000000,698275.5934,130250314.2,-104892261.8,244839682.4,1686788118
273000000,700298.2657,130935041.1,-105776304.1,246378976.3,1688798429
274000000,702319.3693,131620844.3,-106663565.8,247921416.2,1690806101
275000000,704338.9113,132307721.6,-107554044.8,249466995,1692811147
276000000,706356.8984,132995670.8,-108447738.7,251015705.6,1694813582
277000000,708373.3375,133684689.5,-109344645.4,252567540.9,1696813417
278000000,710388.2354,134374775.6,-110244762.7,254122494,1698810666
279000000,712401.5988,135065926.9,-111148088.4,255680557.9,1700805341
280000000,714413.4343,135758141.2,-112054620.3,257241725.7,1702797456
281000000,716423.7486,136451416.3,-112964356.1,258805990.5,1704787022
282000000,718432.5482,137145750.2,-113877293.9,260373345.5,1706774052
283000000,720439.8396,137841140.5,-114793431.3,261943784,1708758558
284000000,722445.6294,138537585.3,-115712766.4,263517299,1710740553
285000000,724449.9238,139235082.4,-116635296.9,265093884.1,1712720049
286000000,726452.7292,139933629.6,-117561020.7,266673532.4,1714697057
287000000,728454.052,140633224.9,-118489935.8,268256237.3,1716671590
288000000,730453.8984,141333866.2,-119422040,269841992.3,1718643660
289000000,732452.2747,142035551.4,-120357331.4,271430790.8,1720613277
290000000,734449.1869,142738278.5,-121295807.7,273022626.2,1722580455
291000000,736444.6412,143442045.3,-122237467,274617492.2,1724545203
292000000,738438.6436,144146849.9,-123182307.3,276215382.2,1726507534
293000000,740431.2003,144852690.2,-124130326.4,277816289.8,1728467459
294000000,742422.3171,145559564.2,-125081522.4,279420208.7,1730424990
295000000,744412,146267469.8,-126035893.2,281027132.6,1732380136
296000000,746400.2549,146976405.2,-126993437,282637055.1,1734332910
297000000,748387.0876,147686368.3,-127954151.6,284249969.9,1736283322
298000000,750372.504,148397357.1,-128918035.1,285865871,1738231383
299000000,752356.5097,149109369.6,-129885085.5,287484751.9,1740177104
300000000,754339.1106,149822403.9,-130855300.9,289106606.7,1742120495
301000000,756320.3122,150536458.1,-131828679.3,290731429.1,1744061568
302000000,758300.1202,151251530.2,-132805218.8,292359213.2,1746000332
303000000,760278.5403,151967618.3,-133784917.4,293989952.7,1747936798
304000000,762255.5778,152684720.4,-134767773.4,295623641.8,1749870976
305000000,764231.2384,153402834.7,-135753784.6,297260274.3,1751802877
306000000,766205.5276,154121959.3,-136742949.3,298899844.4,1753732511
307000000,768178.4507,154842092.3,-137735265.5,300542346.1,1755659887
308000000,770150.0131,155563231.7,-138730731.4,302187773.6,1757585016
309000000,772120.2203,156285375.8,-139729345.1,303836120.9,1759507908
310000000,774089.0774,157008522.6,-140731104.8,305487382.3,1761428572
311000000,776056.5898,157732670.4,-141736008.6,307141551.9,1763347019
312000000,778022.7628,158457817.3,-142744054.6,308798623.9,1765263258
313000000,779987.6014,159183961.4,-143755241,310458592.7,1767177298
314000000,781951.111,159911100.9,-144769566.1,312121452.5,1769089150
315000000,783913.2965,160639234.1,-145787028,313787197.7,1770998822
316000000,785874.1632,161368359.1,-146807624.8,315455822.5,1772906324
317000000,787833.716,162098474.1,-147831354.9,317127321.5,1774811665
318000000,789791.9601,162829577.3,-148858216.3,318801688.9,1776714855
319000000,791748.9002,163561667,-149888207.4,320478919.3,1778615903
320000000,793704.5415,164294741.4,-150921326.4,322159007.1,1780514817
321000000,795658.8889,165028798.8,-151957571.5,323841946.7,1782411607
322000000,797611.9471,165763837.3,-152996940.9,325527732.8,1784306283
323000000,799563.7211,166499855.3,-154039433,327216359.9,1786198851
324000000,801514.2157,167236851,-155085045.9,328907822.6,1788089323
325000000,803463.4357,167974822.6,-156133778,330602115.4,1789977706
326000000,805411.3858,168713768.5,-157185627.6,332299233,1791864008
327000000,807358.0708,169453687,-158240592.9,333999170.2,1793748240
328000000,809303.4952,170194576.4,-159298672.2,335701921.5,1795630408
329000000,811247.6639,170936434.9,-160359863.9,337407481.7,1797510523
330000000,813190.5813,171679260.9,-161424166.2,339115845.5,1799388591
331000000,815132.2521,172423052.7,-162491577.5,340827007.8,1801264622
332000000,817072.6809,173167808.7,-163562096.1,342540963.2,1803138624
333000000,819011.8722,173913527.1,-164635720.4,344257706.7,1805010605
334000000,820949.8305,174660206.4,-165712448.7,345977233.1,1806880573
335000000,822886.5603,175407844.8,-166792279.4,347699537.3,1808748537
336000000,824822.066,176156440.8,-167875210.7,349424614.1,1810614504
337000000,826756.352,176905992.7,-168961241.2,351152458.5,1812478483
338000000,828689.4227,177656499,-170050369.1,352883065.5,1814340481
339000000,830621.2824,178407957.8,-171142592.9,354616430,1816200507
340000000,832551.9356,179160367.8,-172237911,356352547,1818058568
341000000,834481.3864,179913727.3,-173336321.7,358091411.5,1819914672
342000000,836409.6392,180668034.6,-174437823.5,359833018.7,1821768826
343000000,838336.6982,181423288.3,-175542414.7,361577363.5,1823621040
344000000,840262.5676,182179486.6,-176650093.9,363324441.1,1825471319
345000000,842187.2517,182936628.2,-177760859.4,365074246.6,1827319672
346000000,844110.7545,183694711.3,-178874709.6,366826775.1,1829166106
347000000,846033.0802,184453734.5,-179991643.1,368582021.8,1831010629
348000000,847954.2329,185213696.1,-181111658.2,370339981.8,1832853248
349000000,849874.2168,185974594.7,-182234753.5,372100650.5,1834693970
350000000,851793.0358,186736428.7,-183360927.3,373864023.1,1836532804
351000000,853710.6939,187499196.6,-184490178.2,375630094.7,1838369755
352000000,855627.1953,188262896.9,-185622504.7,377398860.7,1840204831
353000000,857542.5439,189027528,-186757905.2,379170316.4,1842038040
354000000,859456.7436,189793088.5,-187896378.2,380944457.1,1843869388
355000000,861369.7983,190559576.8,-189037922.2,382721278.2,1845698883
356000000,863281.712,191326991.4,-190182535.7,384500774.9,1847526531
357000000,865192.4886,192095331,-191330217.3,386282942.8,1849352340
358000000,867102.1319,192864593.9,-192480965.4,388067777.2,1851176316
359000000,869010.6458,193634778.7,-193634778.7,389855273.6,1852998467
360000000,870918.034,194405883.9,-194791655.5,391645427.4,1854818799
